<?xml version="1.0" encoding="UTF-8"?>
<!DOCTYPE mapper
  PUBLIC "-//mybatis.org//DTD Mapper 3.0//EN"
  "http://mybatis.org/dtd/mybatis-3-mapper.dtd">
<mapper namespace="bitcamp.chopchop.dao.PhotoFileDao">

  <resultMap type="PhotoFile" id="PhotoFileMap">
    <id column="photo_id" property="photoFileNo"/>
    <result column="product_id" property="productNo"/>
    <result column="file_path" property="filePath"/>
  </resultMap>
  
  <select id="findAll" parameterType="int" resultMap="PhotoFileMap">
    select 
      photo_id,
      product_id,
      file_path
    from 
      store_photo
    where 
      product_id=#{value}
    order by
      photo_id asc
  </select>
  
  <insert id="insert" parameterType="PhotoFile">
    insert into store_photo(product_id, file_path)
    values(#{productNo},#{filePath})
  </insert>
  
  <delete id="deleteAll" parameterType="int">
    delete from store_photo
    where product_id=#{value}
  </delete>

</mapper>